cal_date,is_open,pretrade_date
20160601,1,20160531
20160602,1,20160601
20160603,1,20160602
20160604,0,20160603
20160605,0,20160603
20160606,1,20160603
20160607,1,20160606
20160608,1,20160607
20160609,0,20160608
20160610,0,20160608
20160611,0,20160608
20160612,0,20160608
20160613,1,20160608
20160614,1,20160613
20160615,1,20160614
20160616,1,20160615
20160617,1,20160616
20160618,0,20160617
20160619,0,20160617
20160620,1,20160617
20160621,1,20160620
20160622,1,20160621
20160623,1,20160622
20160624,1,20160623
20160625,0,20160624
20160626,0,20160624
20160627,1,20160624
20160628,1,20160627
20160629,1,20160628
20160630,1,20160629
20160701,1,20160630
20160702,0,20160701
20160703,0,20160701
20160704,1,20160701
20160705,1,20160704
20160706,1,20160705
20160707,1,20160706
20160708,1,20160707
20160709,0,20160708
20160710,0,20160708
20160711,1,20160708
20160712,1,20160711
20160713,1,20160712
20160714,1,20160713
20160715,1,20160714
20160716,0,20160715
20160717,0,20160715
20160718,1,20160715
20160719,1,20160718
20160720,1,20160719
20160721,1,20160720
20160722,1,20160721
20160723,0,20160722
20160724,0,20160722
20160725,1,20160722
20160726,1,20160725
20160727,1,20160726
20160728,1,20160727
20160729,1,20160728
20160730,0,20160729
20160731,0,20160729
20160801,1,20160729
20160802,1,20160801
20160803,1,20160802
20160804,1,20160803
20160805,1,20160804
20160806,0,20160805
20160807,0,20160805
20160808,1,20160805
20160809,1,20160808
20160810,1,20160809
20160811,1,20160810
20160812,1,20160811
20160813,0,20160812
20160814,0,20160812
20160815,1,20160812
20160816,1,20160815
20160817,1,20160816
20160818,1,20160817
20160819,1,20160818
20160820,0,20160819
20160821,0,20160819
20160822,1,20160819
20160823,1,20160822
20160824,1,20160823
20160825,1,20160824
20160826,1,20160825
20160827,0,20160826
20160828,0,20160826
20160829,1,20160826
20160830,1,20160829
20160831,1,20160830
20160901,1,20160831
20160902,1,20160901
20160903,0,20160902
20160904,0,20160902
20160905,1,20160902
20160906,1,20160905
20160907,1,20160906
20160908,1,20160907
20160909,1,20160908
20160910,0,20160909
20160911,0,20160909
20160912,1,20160909
20160913,1,20160912
20160914,1,20160913
20160915,0,20160914
20160916,0,20160914
20160917,0,20160914
20160918,0,20160914
20160919,1,20160914
20160920,1,20160919
20160921,1,20160920
20160922,1,20160921
20160923,1,20160922
20160924,0,20160923
20160925,0,20160923
20160926,1,20160923
20160927,1,20160926
20160928,1,20160927
20160929,1,20160928
20160930,1,20160929
20161001,0,20160930
20161002,0,20160930
20161003,0,20160930
20161004,0,20160930
20161005,0,20160930
20161006,0,20160930
20161007,0,20160930
20161008,0,20160930
20161009,0,20160930
20161010,1,20160930
20161011,1,20161010
20161012,1,20161011
20161013,1,20161012
20161014,1,20161013
20161015,0,20161014
20161016,0,20161014
20161017,1,20161014
20161018,1,20161017
20161019,1,20161018
20161020,1,20161019
20161021,1,20161020
20161022,0,20161021
20161023,0,20161021
20161024,1,20161021
20161025,1,20161024
20161026,1,20161025
20161027,1,20161026
20161028,1,20161027
20161029,0,20161028
20161030,0,20161028
20161031,1,20161028
20161101,1,20161031
20161102,1,20161101
20161103,1,20161102
20161104,1,20161103
20161105,0,20161104
20161106,0,20161104
20161107,1,20161104
20161108,1,20161107
20161109,1,20161108
20161110,1,20161109
20161111,1,20161110
20161112,0,20161111
20161113,0,20161111
20161114,1,20161111
20161115,1,20161114
20161116,1,20161115
20161117,1,20161116
20161118,1,20161117
20161119,0,20161118
20161120,0,20161118
20161121,1,20161118
20161122,1,20161121
20161123,1,20161122
20161124,1,20161123
20161125,1,20161124
20161126,0,20161125
20161127,0,20161125
20161128,1,20161125
20161129,1,20161128
20161130,1,20161129
20161201,1,20161130
20161202,1,20161201
20161203,0,20161202
20161204,0,20161202
20161205,1,20161202
20161206,1,20161205
20161207,1,20161206
20161208,1,20161207
20161209,1,20161208
20161210,0,20161209
20161211,0,20161209
20161212,1,20161209
20161213,1,20161212
20161214,1,20161213
20161215,1,20161214
20161216,1,20161215
20161217,0,20161216
20161218,0,20161216
20161219,1,20161216
20161220,1,20161219
20161221,1,20161220
20161222,1,20161221
20161223,1,20161222
20161224,0,20161223
20161225,0,20161223
20161226,1,20161223
20161227,1,20161226
20161228,1,20161227
20161229,1,20161228
20161230,1,20161229
20161231,0,20161230
20170101,0,20161230
20170102,0,20161230
20170103,1,20161230
20170104,1,20170103
20170105,1,20170104
20170106,1,20170105
20170107,0,20170106
20170108,0,20170106
20170109,1,20170106
20170110,1,20170109
20170111,1,20170110
20170112,1,20170111
20170113,1,20170112
20170114,0,20170113
20170115,0,20170113
20170116,1,20170113
20170117,1,20170116
20170118,1,20170117
20170119,1,20170118
20170120,1,20170119
20170121,0,20170120
20170122,0,20170120
20170123,1,20170120
20170124,1,20170123
20170125,1,20170124
20170126,1,20170125
20170127,0,20170126
20170128,0,20170126
20170129,0,20170126
20170130,0,20170126
20170131,0,20170126
20170201,0,20170126
20170202,0,20170126
20170203,1,20170126
20170204,0,20170203
20170205,0,20170203
20170206,1,20170203
20170207,1,20170206
20170208,1,20170207
20170209,1,20170208
20170210,1,20170209
20170211,0,20170210
20170212,0,20170210
20170213,1,20170210
20170214,1,20170213
20170215,1,20170214
20170216,1,20170215
20170217,1,20170216
20170218,0,20170217
20170219,0,20170217
20170220,1,20170217
20170221,1,20170220
20170222,1,20170221
20170223,1,20170222
20170224,1,20170223
20170225,0,20170224
20170226,0,20170224
20170227,1,20170224
20170228,1,20170227
20170301,1,20170228
20170302,1,20170301
20170303,1,20170302
20170304,0,20170303
20170305,0,20170303
20170306,1,20170303
20170307,1,20170306
20170308,1,20170307
20170309,1,20170308
20170310,1,20170309
20170311,0,20170310
20170312,0,20170310
20170313,1,20170310
20170314,1,20170313
20170315,1,20170314
20170316,1,20170315
20170317,1,20170316
20170318,0,20170317
20170319,0,20170317
20170320,1,20170317
20170321,1,20170320
20170322,1,20170321
20170323,1,20170322
20170324,1,20170323
20170325,0,20170324
20170326,0,20170324
20170327,1,20170324
20170328,1,20170327
20170329,1,20170328
20170330,1,20170329
20170331,1,20170330
20170401,0,20170331
20170402,0,20170331
20170403,0,20170331
20170404,0,20170331
20170405,1,20170331
20170406,1,20170405
20170407,1,20170406
20170408,0,20170407
20170409,0,20170407
20170410,1,20170407
20170411,1,20170410
20170412,1,20170411
20170413,1,20170412
20170414,1,20170413
20170415,0,20170414
20170416,0,20170414
20170417,1,20170414
20170418,1,20170417
20170419,1,20170418
20170420,1,20170419
20170421,1,20170420
20170422,0,20170421
20170423,0,20170421
20170424,1,20170421
20170425,1,20170424
20170426,1,20170425
20170427,1,20170426
20170428,1,20170427
20170429,0,20170428
20170430,0,20170428
20170501,0,20170428
20170502,1,20170428
20170503,1,20170502
20170504,1,20170503
20170505,1,20170504
20170506,0,20170505
20170507,0,20170505
20170508,1,20170505
20170509,1,20170508
20170510,1,20170509
20170511,1,20170510
20170512,1,20170511
20170513,0,20170512
20170514,0,20170512
20170515,1,20170512
20170516,1,20170515
20170517,1,20170516
20170518,1,20170517
20170519,1,20170518
20170520,0,20170519
20170521,0,20170519
20170522,1,20170519
20170523,1,20170522
20170524,1,20170523
20170525,1,20170524
20170526,1,20170525
20170527,0,20170526
20170528,0,20170526
20170529,0,20170526
20170530,0,20170526
20170531,1,20170526
20170601,1,20170531
20170602,1,20170601
20170603,0,20170602
20170604,0,20170602
20170605,1,20170602
20170606,1,20170605
20170607,1,20170606
20170608,1,20170607
20170609,1,20170608
20170610,0,20170609
20170611,0,20170609
20170612,1,20170609
20170613,1,20170612
20170614,1,20170613
20170615,1,20170614
20170616,1,20170615
20170617,0,20170616
20170618,0,20170616
20170619,1,20170616
20170620,1,20170619
20170621,1,20170620
20170622,1,20170621
20170623,1,20170622
20170624,0,20170623
20170625,0,20170623
20170626,1,20170623
20170627,1,20170626
20170628,1,20170627
20170629,1,20170628
20170630,1,20170629
20170701,0,20170630
20170702,0,20170630
20170703,1,20170630
20170704,1,20170703
20170705,1,20170704
20170706,1,20170705
20170707,1,20170706
20170708,0,20170707
20170709,0,20170707
20170710,1,20170707
20170711,1,20170710
20170712,1,20170711
20170713,1,20170712
20170714,1,20170713
20170715,0,20170714
20170716,0,20170714
20170717,1,20170714
20170718,1,20170717
20170719,1,20170718
20170720,1,20170719
20170721,1,20170720
20170722,0,20170721
20170723,0,20170721
20170724,1,20170721
20170725,1,20170724
20170726,1,20170725
20170727,1,20170726
20170728,1,20170727
20170729,0,20170728
20170730,0,20170728
20170731,1,20170728
20170801,1,20170731
20170802,1,20170801
20170803,1,20170802
20170804,1,20170803
20170805,0,20170804
20170806,0,20170804
20170807,1,20170804
20170808,1,20170807
20170809,1,20170808
20170810,1,20170809
20170811,1,20170810
20170812,0,20170811
20170813,0,20170811
20170814,1,20170811
20170815,1,20170814
20170816,1,20170815
20170817,1,20170816
20170818,1,20170817
20170819,0,20170818
20170820,0,20170818
20170821,1,20170818
20170822,1,20170821
20170823,1,20170822
20170824,1,20170823
20170825,1,20170824
20170826,0,20170825
20170827,0,20170825
20170828,1,20170825
20170829,1,20170828
20170830,1,20170829
20170831,1,20170830
20170901,1,20170831
20170902,0,20170901
20170903,0,20170901
20170904,1,20170901
20170905,1,20170904
20170906,1,20170905
20170907,1,20170906
20170908,1,20170907
20170909,0,20170908
20170910,0,20170908
20170911,1,20170908
20170912,1,20170911
20170913,1,20170912
20170914,1,20170913
20170915,1,20170914
20170916,0,20170915
20170917,0,20170915
20170918,1,20170915
20170919,1,20170918
20170920,1,20170919
20170921,1,20170920
20170922,1,20170921
20170923,0,20170922
20170924,0,20170922
20170925,1,20170922
20170926,1,20170925
20170927,1,20170926
20170928,1,20170927
20170929,1,20170928
20170930,0,20170929
20171001,0,20170929
20171002,0,20170929
20171003,0,20170929
20171004,0,20170929
20171005,0,20170929
20171006,0,20170929
20171007,0,20170929
20171008,0,20170929
20171009,1,20170929
20171010,1,20171009
20171011,1,20171010
20171012,1,20171011
20171013,1,20171012
20171014,0,20171013
20171015,0,20171013
20171016,1,20171013
20171017,1,20171016
20171018,1,20171017
20171019,1,20171018
20171020,1,20171019
20171021,0,20171020
20171022,0,20171020
20171023,1,20171020
20171024,1,20171023
20171025,1,20171024
20171026,1,20171025
20171027,1,20171026
20171028,0,20171027
20171029,0,20171027
20171030,1,20171027
20171031,1,20171030
20171101,1,20171031
20171102,1,20171101
20171103,1,20171102
20171104,0,20171103
20171105,0,20171103
20171106,1,20171103
20171107,1,20171106
20171108,1,20171107
20171109,1,20171108
20171110,1,20171109
20171111,0,20171110
20171112,0,20171110
20171113,1,20171110
20171114,1,20171113
20171115,1,20171114
20171116,1,20171115
20171117,1,20171116
20171118,0,20171117
20171119,0,20171117
20171120,1,20171117
20171121,1,20171120
20171122,1,20171121
20171123,1,20171122
20171124,1,20171123
20171125,0,20171124
20171126,0,20171124
20171127,1,20171124
20171128,1,20171127
20171129,1,20171128
20171130,1,20171129
20171201,1,20171130
20171202,0,20171201
20171203,0,20171201
20171204,1,20171201
20171205,1,20171204
20171206,1,20171205
20171207,1,20171206
20171208,1,20171207
20171209,0,20171208
20171210,0,20171208
20171211,1,20171208
20171212,1,20171211
20171213,1,20171212
20171214,1,20171213
20171215,1,20171214
20171216,0,20171215
20171217,0,20171215
20171218,1,20171215
20171219,1,20171218
20171220,1,20171219
20171221,1,20171220
20171222,1,20171221
20171223,0,20171222
20171224,0,20171222
20171225,1,20171222
20171226,1,20171225
20171227,1,20171226
20171228,1,20171227
20171229,1,20171228
20171230,0,20171229
20171231,0,20171229
20180101,0,20171229
20180102,1,20171229
20180103,1,20180102
20180104,1,20180103
20180105,1,20180104
20180106,0,20180105
20180107,0,20180105
20180108,1,20180105
20180109,1,20180108
20180110,1,20180109
20180111,1,20180110
20180112,1,20180111
20180113,0,20180112
20180114,0,20180112
20180115,1,20180112
20180116,1,20180115
20180117,1,20180116
20180118,1,20180117
20180119,1,20180118
20180120,0,20180119
20180121,0,20180119
20180122,1,20180119
20180123,1,20180122
20180124,1,20180123
20180125,1,20180124
20180126,1,20180125
20180127,0,20180126
20180128,0,20180126
20180129,1,20180126
20180130,1,20180129
20180131,1,20180130
20180201,1,20180131
20180202,1,20180201
20180203,0,20180202
20180204,0,20180202
20180205,1,20180202
20180206,1,20180205
20180207,1,20180206
20180208,1,20180207
20180209,1,20180208
20180210,0,20180209
20180211,0,20180209
20180212,1,20180209
20180213,1,20180212
20180214,1,20180213
20180215,0,20180214
20180216,0,20180214
20180217,0,20180214
20180218,0,20180214
20180219,0,20180214
20180220,0,20180214
20180221,0,20180214
20180222,1,20180214
20180223,1,20180222
20180224,0,20180223
20180225,0,20180223
20180226,1,20180223
20180227,1,20180226
20180228,1,20180227
20180301,1,20180228
20180302,1,20180301
20180303,0,20180302
20180304,0,20180302
20180305,1,20180302
20180306,1,20180305
20180307,1,20180306
20180308,1,20180307
20180309,1,20180308
20180310,0,20180309
20180311,0,20180309
20180312,1,20180309
20180313,1,20180312
20180314,1,20180313
20180315,1,20180314
20180316,1,20180315
20180317,0,20180316
20180318,0,20180316
20180319,1,20180316
20180320,1,20180319
20180321,1,20180320
20180322,1,20180321
20180323,1,20180322
20180324,0,20180323
20180325,0,20180323
20180326,1,20180323
20180327,1,20180326
20180328,1,20180327
20180329,1,20180328
20180330,1,20180329
20180331,0,20180330
20180401,0,20180330
20180402,1,20180330
20180403,1,20180402
20180404,1,20180403
20180405,0,20180404
20180406,0,20180404
20180407,0,20180404
20180408,0,20180404
20180409,1,20180404
20180410,1,20180409
20180411,1,20180410
20180412,1,20180411
20180413,1,20180412
20180414,0,20180413
20180415,0,20180413
20180416,1,20180413
20180417,1,20180416
20180418,1,20180417
20180419,1,20180418
20180420,1,20180419
20180421,0,20180420
20180422,0,20180420
20180423,1,20180420
20180424,1,20180423
20180425,1,20180424
20180426,1,20180425
20180427,1,20180426
20180428,0,20180427
20180429,0,20180427
20180430,0,20180427
20180501,0,20180427
20180502,1,20180427
20180503,1,20180502
20180504,1,20180503
20180505,0,20180504
20180506,0,20180504
20180507,1,20180504
20180508,1,20180507
20180509,1,20180508
20180510,1,20180509
20180511,1,20180510
20180512,0,20180511
20180513,0,20180511
20180514,1,20180511
20180515,1,20180514
20180516,1,20180515
20180517,1,20180516
20180518,1,20180517
20180519,0,20180518
20180520,0,20180518
20180521,1,20180518
20180522,1,20180521
20180523,1,20180522
20180524,1,20180523
20180525,1,20180524
20180526,0,20180525
20180527,0,20180525
20180528,1,20180525
20180529,1,20180528
20180530,1,20180529
20180531,1,20180530
20180601,1,20180531
20180602,0,20180601
20180603,0,20180601
20180604,1,20180601
20180605,1,20180604
20180606,1,20180605
20180607,1,20180606
20180608,1,20180607
20180609,0,20180608
20180610,0,20180608
20180611,1,20180608
20180612,1,20180611
20180613,1,20180612
20180614,1,20180613
20180615,1,20180614
20180616,0,20180615
20180617,0,20180615
20180618,0,20180615
20180619,1,20180615
20180620,1,20180619
20180621,1,20180620
20180622,1,20180621
20180623,0,20180622
20180624,0,20180622
20180625,1,20180622
20180626,1,20180625
20180627,1,20180626
20180628,1,20180627
20180629,1,20180628
20180630,0,20180629
20180701,0,20180629
20180702,1,20180629
20180703,1,20180702
20180704,1,20180703
20180705,1,20180704
20180706,1,20180705
20180707,0,20180706
20180708,0,20180706
20180709,1,20180706
20180710,1,20180709
20180711,1,20180710
20180712,1,20180711
20180713,1,20180712
20180714,0,20180713
20180715,0,20180713
20180716,1,20180713
20180717,1,20180716
20180718,1,20180717
20180719,1,20180718
20180720,1,20180719
20180721,0,20180720
20180722,0,20180720
20180723,1,20180720
20180724,1,20180723
20180725,1,20180724
20180726,1,20180725
20180727,1,20180726
20180728,0,20180727
20180729,0,20180727
20180730,1,20180727
20180731,1,20180730
20180801,1,20180731
20180802,1,20180801
20180803,1,20180802
20180804,0,20180803
20180805,0,20180803
20180806,1,20180803
20180807,1,20180806
20180808,1,20180807
20180809,1,20180808
20180810,1,20180809
20180811,0,20180810
20180812,0,20180810
20180813,1,20180810
20180814,1,20180813
20180815,1,20180814
20180816,1,20180815
20180817,1,20180816
20180818,0,20180817
20180819,0,20180817
20180820,1,20180817
20180821,1,20180820
20180822,1,20180821
20180823,1,20180822
20180824,1,20180823
20180825,0,20180824
20180826,0,20180824
20180827,1,20180824
20180828,1,20180827
20180829,1,20180828
20180830,1,20180829
20180831,1,20180830
20180901,0,20180831
20180902,0,20180831
20180903,1,20180831
20180904,1,20180903
20180905,1,20180904
20180906,1,20180905
20180907,1,20180906
20180908,0,20180907
20180909,0,20180907
20180910,1,20180907
20180911,1,20180910
20180912,1,20180911
20180913,1,20180912
20180914,1,20180913
20180915,0,20180914
20180916,0,20180914
20180917,1,20180914
20180918,1,20180917
20180919,1,20180918
20180920,1,20180919
20180921,1,20180920
20180922,0,20180921
20180923,0,20180921
20180924,0,20180921
20180925,1,20180921
20180926,1,20180925
20180927,1,20180926
20180928,1,20180927
20180929,0,20180928
20180930,0,20180928
20181001,0,20180928
20181002,0,20180928
20181003,0,20180928
20181004,0,20180928
20181005,0,20180928
20181006,0,20180928
20181007,0,20180928
20181008,1,20180928
20181009,1,20181008
20181010,1,20181009
20181011,1,20181010
20181012,1,20181011
20181013,0,20181012
20181014,0,20181012
20181015,1,20181012
20181016,1,20181015
20181017,1,20181016
20181018,1,20181017
20181019,1,20181018
20181020,0,20181019
20181021,0,20181019
20181022,1,20181019
20181023,1,20181022
20181024,1,20181023
20181025,1,20181024
20181026,1,20181025
20181027,0,20181026
20181028,0,20181026
20181029,1,20181026
20181030,1,20181029
20181031,1,20181030
20181101,1,20181031
20181102,1,20181101
20181103,0,20181102
20181104,0,20181102
20181105,1,20181102
20181106,1,20181105
20181107,1,20181106
20181108,1,20181107
20181109,1,20181108
20181110,0,20181109
20181111,0,20181109
20181112,1,20181109
20181113,1,20181112
20181114,1,20181113
20181115,1,20181114
20181116,1,20181115
20181117,0,20181116
20181118,0,20181116
20181119,1,20181116
20181120,1,20181119
20181121,1,20181120
20181122,1,20181121
20181123,1,20181122
20181124,0,20181123
20181125,0,20181123
20181126,1,20181123
20181127,1,20181126
20181128,1,20181127
20181129,1,20181128
20181130,1,20181129
20181201,0,20181130
20181202,0,20181130
20181203,1,20181130
20181204,1,20181203
20181205,1,20181204
20181206,1,20181205
20181207,1,20181206
20181208,0,20181207
20181209,0,20181207
20181210,1,20181207
20181211,1,20181210
20181212,1,20181211
20181213,1,20181212
20181214,1,20181213
20181215,0,20181214
20181216,0,20181214
20181217,1,20181214
20181218,1,20181217
20181219,1,20181218
20181220,1,20181219
20181221,1,20181220
20181222,0,20181221
20181223,0,20181221
20181224,1,20181221
20181225,1,20181224
20181226,1,20181225
20181227,1,20181226
20181228,1,20181227
20181229,0,20181228
20181230,0,20181228
20181231,0,20181228
20190101,0,20181228
20190102,1,20181228
20190103,1,20190102
20190104,1,20190103
20190105,0,20190104
20190106,0,20190104
20190107,1,20190104
20190108,1,20190107
20190109,1,20190108
20190110,1,20190109
20190111,1,20190110
20190112,0,20190111
20190113,0,20190111
20190114,1,20190111
20190115,1,20190114
20190116,1,20190115
20190117,1,20190116
20190118,1,20190117
20190119,0,20190118
20190120,0,20190118
20190121,1,20190118
20190122,1,20190121
20190123,1,20190122
20190124,1,20190123
20190125,1,20190124
20190126,0,20190125
20190127,0,20190125
20190128,1,20190125
20190129,1,20190128
20190130,1,20190129
20190131,1,20190130
20190201,1,20190131
20190202,0,20190201
20190203,0,20190201
20190204,0,20190201
20190205,0,20190201
20190206,0,20190201
20190207,0,20190201
20190208,0,20190201
20190209,0,20190201
20190210,0,20190201
20190211,1,20190201
20190212,1,20190211
20190213,1,20190212
20190214,1,20190213
20190215,1,20190214
20190216,0,20190215
20190217,0,20190215
20190218,1,20190215
20190219,1,20190218
20190220,1,20190219
20190221,1,20190220
20190222,1,20190221
20190223,0,20190222
20190224,0,20190222
20190225,1,20190222
20190226,1,20190225
20190227,1,20190226
20190228,1,20190227
20190301,1,20190228
20190302,0,20190301
20190303,0,20190301
20190304,1,20190301
20190305,1,20190304
20190306,1,20190305
20190307,1,20190306
20190308,1,20190307
20190309,0,20190308
20190310,0,20190308
20190311,1,20190308
20190312,1,20190311
20190313,1,20190312
20190314,1,20190313
20190315,1,20190314
20190316,0,20190315
20190317,0,20190315
20190318,1,20190315
20190319,1,20190318
20190320,1,20190319
20190321,1,20190320
20190322,1,20190321
20190323,0,20190322
20190324,0,20190322
20190325,1,20190322
20190326,1,20190325
20190327,1,20190326
20190328,1,20190327
20190329,1,20190328
20190330,0,20190329
20190331,0,20190329
20190401,1,20190329
20190402,1,20190401
20190403,1,20190402
20190404,1,20190403
20190405,0,20190404
20190406,0,20190404
20190407,0,20190404
20190408,1,20190404
20190409,1,20190408
20190410,1,20190409
20190411,1,20190410
20190412,1,20190411
20190413,0,20190412
20190414,0,20190412
20190415,1,20190412
20190416,1,20190415
20190417,1,20190416
20190418,1,20190417
20190419,1,20190418
20190420,0,20190419
20190421,0,20190419
20190422,1,20190419
20190423,1,20190422
20190424,1,20190423
20190425,1,20190424
20190426,1,20190425
20190427,0,20190426
20190428,0,20190426
20190429,1,20190426
20190430,1,20190429
20190501,0,20190430
20190502,0,20190430
20190503,0,20190430
20190504,0,20190430
20190505,0,20190430
20190506,1,20190430
20190507,1,20190506
20190508,1,20190507
20190509,1,20190508
20190510,1,20190509
20190511,0,20190510
20190512,0,20190510
20190513,1,20190510
20190514,1,20190513
20190515,1,20190514
20190516,1,20190515
20190517,1,20190516
20190518,0,20190517
20190519,0,20190517
20190520,1,20190517
20190521,1,20190520
20190522,1,20190521
20190523,1,20190522
20190524,1,20190523
20190525,0,20190524
20190526,0,20190524
20190527,1,20190524
20190528,1,20190527
20190529,1,20190528
20190530,1,20190529
20190531,1,20190530
20190601,0,20190531
20190602,0,20190531
20190603,1,20190531
20190604,1,20190603
20190605,1,20190604
20190606,1,20190605
20190607,0,20190606
20190608,0,20190606
20190609,0,20190606
20190610,1,20190606
20190611,1,20190610
20190612,1,20190611
20190613,1,20190612
20190614,1,20190613
20190615,0,20190614
20190616,0,20190614
20190617,1,20190614
20190618,1,20190617
20190619,1,20190618
20190620,1,20190619
20190621,1,20190620
20190622,0,20190621
20190623,0,20190621
20190624,1,20190621
20190625,1,20190624
20190626,1,20190625
20190627,1,20190626
20190628,1,20190627
20190629,0,20190628
20190630,0,20190628
20190701,1,20190628
20190702,1,20190701
20190703,1,20190702
20190704,1,20190703
20190705,1,20190704
20190706,0,20190705
20190707,0,20190705
20190708,1,20190705
20190709,1,20190708
20190710,1,20190709
20190711,1,20190710
20190712,1,20190711
20190713,0,20190712
20190714,0,20190712
20190715,1,20190712
20190716,1,20190715
20190717,1,20190716
20190718,1,20190717
20190719,1,20190718
20190720,0,20190719
20190721,0,20190719
20190722,1,20190719
20190723,1,20190722
20190724,1,20190723
20190725,1,20190724
20190726,1,20190725
20190727,0,20190726
20190728,0,20190726
20190729,1,20190726
20190730,1,20190729
20190731,1,20190730
20190801,1,20190731
20190802,1,20190801
20190803,0,20190802
20190804,0,20190802
20190805,1,20190802
20190806,1,20190805
20190807,1,20190806
20190808,1,20190807
20190809,1,20190808
20190810,0,20190809
20190811,0,20190809
20190812,1,20190809
20190813,1,20190812
20190814,1,20190813
20190815,1,20190814
20190816,1,20190815
20190817,0,20190816
20190818,0,20190816
20190819,1,20190816
20190820,1,20190819
20190821,1,20190820
20190822,1,20190821
20190823,1,20190822
20190824,0,20190823
20190825,0,20190823
20190826,1,20190823
20190827,1,20190826
20190828,1,20190827
20190829,1,20190828
20190830,1,20190829
20190831,0,20190830
20190901,0,20190830
20190902,1,20190830
20190903,1,20190902
20190904,1,20190903
20190905,1,20190904
20190906,1,20190905
20190907,0,20190906
20190908,0,20190906
20190909,1,20190906
20190910,1,20190909
20190911,1,20190910
20190912,1,20190911
20190913,0,20190912
20190914,0,20190912
20190915,0,20190912
20190916,1,20190912
20190917,1,20190916
20190918,1,20190917
20190919,1,20190918
20190920,1,20190919
20190921,0,20190920
20190922,0,20190920
20190923,1,20190920
20190924,1,20190923
20190925,1,20190924
20190926,1,20190925
20190927,1,20190926
20190928,0,20190927
20190929,0,20190927
20190930,1,20190927
20191001,0,20190930
20191002,0,20190930
20191003,0,20190930
20191004,0,20190930
20191005,0,20190930
20191006,0,20190930
20191007,0,20190930
20191008,1,20190930
20191009,1,20191008
20191010,1,20191009
20191011,1,20191010
20191012,0,20191011
20191013,0,20191011
20191014,1,20191011
20191015,1,20191014
20191016,1,20191015
20191017,1,20191016
20191018,1,20191017
20191019,0,20191018
20191020,0,20191018
20191021,1,20191018
20191022,1,20191021
20191023,1,20191022
20191024,1,20191023
20191025,1,20191024
20191026,0,20191025
20191027,0,20191025
20191028,1,20191025
20191029,1,20191028
20191030,1,20191029
20191031,1,20191030
20191101,1,20191031
20191102,0,20191101
20191103,0,20191101
20191104,1,20191101
20191105,1,20191104
20191106,1,20191105
20191107,1,20191106
20191108,1,20191107
20191109,0,20191108
20191110,0,20191108
20191111,1,20191108
20191112,1,20191111
20191113,1,20191112
20191114,1,20191113
20191115,1,20191114
20191116,0,20191115
20191117,0,20191115
20191118,1,20191115
20191119,1,20191118
20191120,1,20191119
20191121,1,20191120
20191122,1,20191121
20191123,0,20191122
20191124,0,20191122
20191125,1,20191122
20191126,1,20191125
20191127,1,20191126
20191128,1,20191127
20191129,1,20191128
20191130,0,20191129
20191201,0,20191129
20191202,1,20191129
20191203,1,20191202
20191204,1,20191203
20191205,1,20191204
20191206,1,20191205
20191207,0,20191206
20191208,0,20191206
20191209,1,20191206
20191210,1,20191209
20191211,1,20191210
20191212,1,20191211
20191213,1,20191212
20191214,0,20191213
20191215,0,20191213
20191216,1,20191213
20191217,1,20191216
20191218,1,20191217
20191219,1,20191218
20191220,1,20191219
20191221,0,20191220
20191222,0,20191220
20191223,1,20191220
20191224,1,20191223
20191225,1,20191224
20191226,1,20191225
20191227,1,20191226
20191228,0,20191227
20191229,0,20191227
20191230,1,20191227
20191231,1,20191230
20200101,0,20191231
20200102,1,20191231
20200103,1,20200102
20200104,0,20200103
20200105,0,20200103
20200106,1,20200103
20200107,1,20200106
20200108,1,20200107
20200109,1,20200108
20200110,1,20200109
20200111,0,20200110
20200112,0,20200110
20200113,1,20200110
20200114,1,20200113
20200115,1,20200114
20200116,1,20200115
20200117,1,20200116
20200118,0,20200117
20200119,0,20200117
20200120,1,20200117
20200121,1,20200120
20200122,1,20200121
20200123,1,20200122
20200124,0,20200123
20200125,0,20200123
20200126,0,20200123
20200127,0,20200123
20200128,0,20200123
20200129,0,20200123
20200130,0,20200123
20200131,0,20200123
20200201,0,20200123
20200202,0,20200123
20200203,1,20200123
20200204,1,20200203
20200205,1,20200204
20200206,1,20200205
20200207,1,20200206
20200208,0,20200207
20200209,0,20200207
20200210,1,20200207
20200211,1,20200210
20200212,1,20200211
20200213,1,20200212
20200214,1,20200213
20200215,0,20200214
20200216,0,20200214
20200217,1,20200214
20200218,1,20200217
20200219,1,20200218
20200220,1,20200219
20200221,1,20200220
20200222,0,20200221
20200223,0,20200221
20200224,1,20200221
20200225,1,20200224
20200226,1,20200225
20200227,1,20200226
20200228,1,20200227
20200229,0,20200228
20200301,0,20200228
20200302,1,20200228
20200303,1,20200302
20200304,1,20200303
20200305,1,20200304
20200306,1,20200305
20200307,0,20200306
20200308,0,20200306
20200309,1,20200306
20200310,1,20200309
20200311,1,20200310
20200312,1,20200311
20200313,1,20200312
20200314,0,20200313
20200315,0,20200313
20200316,1,20200313
20200317,1,20200316
20200318,1,20200317
20200319,1,20200318
20200320,1,20200319
20200321,0,20200320
20200322,0,20200320
20200323,1,20200320
20200324,1,20200323
20200325,1,20200324
20200326,1,20200325
20200327,1,20200326
20200328,0,20200327
20200329,0,20200327
20200330,1,20200327
20200331,1,20200330
20200401,1,20200331
20200402,1,20200401
20200403,1,20200402
20200404,0,20200403
20200405,0,20200403
20200406,0,20200403
20200407,1,20200403
20200408,1,20200407
20200409,1,20200408
20200410,1,20200409
20200411,0,20200410
20200412,0,20200410
20200413,1,20200410
20200414,1,20200413
20200415,1,20200414
20200416,1,20200415
20200417,1,20200416
20200418,0,20200417
20200419,0,20200417
20200420,1,20200417
20200421,1,20200420
20200422,1,20200421
20200423,1,20200422
20200424,1,20200423
20200425,0,20200424
20200426,0,20200424
20200427,1,20200424
20200428,1,20200427
20200429,1,20200428
20200430,1,20200429
20200501,0,20200430
20200502,0,20200430
20200503,0,20200430
20200504,0,20200430
20200505,0,20200430
20200506,1,20200430
20200507,1,20200506
20200508,1,20200507
20200509,0,20200508
20200510,0,20200508
20200511,1,20200508
20200512,1,20200511
20200513,1,20200512
20200514,1,20200513
20200515,1,20200514
20200516,0,20200515
20200517,0,20200515
20200518,1,20200515
20200519,1,20200518
20200520,1,20200519
20200521,1,20200520
20200522,1,20200521
20200523,0,20200522
20200524,0,20200522
20200525,1,20200522
20200526,1,20200525
20200527,1,20200526
20200528,1,20200527
20200529,1,20200528
20200530,0,20200529
20200531,0,20200529
20200601,1,20200529
20200602,1,20200601
20200603,1,20200602
20200604,1,20200603
20200605,1,20200604
20200606,0,20200605
20200607,0,20200605
20200608,1,20200605
20200609,1,20200608
20200610,1,20200609
20200611,1,20200610
20200612,1,20200611
20200613,0,20200612
20200614,0,20200612
20200615,1,20200612
20200616,1,20200615
20200617,1,20200616
20200618,1,20200617
20200619,1,20200618
20200620,0,20200619
20200621,0,20200619
20200622,1,20200619
20200623,1,20200622
20200624,1,20200623
20200625,0,20200624
20200626,0,20200624
20200627,0,20200624
20200628,0,20200624
20200629,1,20200624
20200630,1,20200629
20200701,1,20200630
20200702,1,20200701
20200703,1,20200702
20200704,0,20200703
20200705,0,20200703
20200706,1,20200703
20200707,1,20200706
20200708,1,20200707
20200709,1,20200708
20200710,1,20200709
20200711,0,20200710
20200712,0,20200710
20200713,1,20200710
20200714,1,20200713
20200715,1,20200714
20200716,1,20200715
20200717,1,20200716
20200718,0,20200717
20200719,0,20200717
20200720,1,20200717
20200721,1,20200720
20200722,1,20200721
20200723,1,20200722
20200724,1,20200723
20200725,0,20200724
20200726,0,20200724
20200727,1,20200724
20200728,1,20200727
20200729,1,20200728
20200730,1,20200729
20200731,1,20200730
20200801,0,20200731
20200802,0,20200731
20200803,1,20200731
20200804,1,20200803
20200805,1,20200804
20200806,1,20200805
20200807,1,20200806
20200808,0,20200807
20200809,0,20200807
20200810,1,20200807
20200811,1,20200810
20200812,1,20200811
20200813,1,20200812
20200814,1,20200813
20200815,0,20200814
20200816,0,20200814
20200817,1,20200814
20200818,1,20200817
20200819,1,20200818
20200820,1,20200819
20200821,1,20200820
20200822,0,20200821
20200823,0,20200821
20200824,1,20200821
20200825,1,20200824
20200826,1,20200825
20200827,1,20200826
20200828,1,20200827
20200829,0,20200828
20200830,0,20200828
20200831,1,20200828
20200901,1,20200831
20200902,1,20200901
20200903,1,20200902
20200904,1,20200903
20200905,0,20200904
20200906,0,20200904
20200907,1,20200904
20200908,1,20200907
20200909,1,20200908
20200910,1,20200909
20200911,1,20200910
20200912,0,20200911
20200913,0,20200911
20200914,1,20200911
20200915,1,20200914
20200916,1,20200915
20200917,1,20200916
20200918,1,20200917
20200919,0,20200918
20200920,0,20200918
20200921,1,20200918
20200922,1,20200921
20200923,1,20200922
20200924,1,20200923
20200925,1,20200924
20200926,0,20200925
20200927,0,20200925
20200928,1,20200925
20200929,1,20200928
20200930,1,20200929
20201001,0,20200930
20201002,0,20200930
20201003,0,20200930
20201004,0,20200930
20201005,0,20200930
20201006,0,20200930
20201007,0,20200930
20201008,0,20200930
20201009,1,20200930
20201010,0,20201009
20201011,0,20201009
20201012,1,20201009
20201013,1,20201012
20201014,1,20201013
20201015,1,20201014
20201016,1,20201015
20201017,0,20201016
20201018,0,20201016
20201019,1,20201016
20201020,1,20201019
20201021,1,20201020
20201022,1,20201021
20201023,1,20201022
20201024,0,20201023
20201025,0,20201023
20201026,1,20201023
20201027,1,20201026
20201028,1,20201027
20201029,1,20201028
20201030,1,20201029
20201031,0,20201030
20201101,0,20201030
20201102,1,20201030
20201103,1,20201102
20201104,1,20201103
20201105,1,20201104
20201106,1,20201105
20201107,0,20201106
20201108,0,20201106
20201109,1,20201106
20201110,1,20201109
20201111,1,20201110
20201112,1,20201111
20201113,1,20201112
20201114,0,20201113
20201115,0,20201113
20201116,1,20201113
20201117,1,20201116
20201118,1,20201117
20201119,1,20201118
20201120,1,20201119
20201121,0,20201120
20201122,0,20201120
20201123,1,20201120
20201124,1,20201123
20201125,1,20201124
20201126,1,20201125
20201127,1,20201126
20201128,0,20201127
20201129,0,20201127
20201130,1,20201127
20201201,1,20201130
20201202,1,20201201
20201203,1,20201202
20201204,1,20201203
20201205,0,20201204
20201206,0,20201204
20201207,1,20201204
20201208,1,20201207
20201209,1,20201208
20201210,1,20201209
20201211,1,20201210
20201212,0,20201211
20201213,0,20201211
20201214,1,20201211
20201215,1,20201214
20201216,1,20201215
20201217,1,20201216
20201218,1,20201217
20201219,0,20201218
20201220,0,20201218
20201221,1,20201218
20201222,1,20201221
20201223,1,20201222
20201224,1,20201223
20201225,1,20201224
20201226,0,20201225
20201227,0,20201225
20201228,1,20201225
20201229,1,20201228
20201230,1,20201229
20201231,1,20201230
20210101,0,20201231
20210102,0,20201231
20210103,0,20201231
20210104,1,20201231
20210105,1,20210104
20210106,1,20210105
20210107,1,20210106
20210108,1,20210107
20210109,0,20210108
20210110,0,20210108
20210111,1,20210108
20210112,1,20210111
20210113,1,20210112
20210114,1,20210113
20210115,1,20210114
20210116,0,20210115
20210117,0,20210115
20210118,1,20210115
20210119,1,20210118
20210120,1,20210119
20210121,1,20210120
20210122,1,20210121
20210123,0,20210122
20210124,0,20210122
20210125,1,20210122
20210126,1,20210125
20210127,1,20210126
20210128,1,20210127
20210129,1,20210128
20210130,0,20210129
20210131,0,20210129
20210201,1,20210129
20210202,1,20210201
20210203,1,20210202
20210204,1,20210203
20210205,1,20210204
20210206,0,20210205
20210207,0,20210205
20210208,1,20210205
20210209,1,20210208
20210210,1,20210209
20210211,0,20210210
20210212,0,20210210
20210213,0,20210210
20210214,0,20210210
20210215,0,20210210
20210216,0,20210210
20210217,0,20210210
20210218,1,20210210
20210219,1,20210218
20210220,0,20210219
20210221,0,20210219
20210222,1,20210219
20210223,1,20210222
20210224,1,20210223
20210225,1,20210224
20210226,1,20210225
20210227,0,20210226
20210228,0,20210226
20210301,1,20210226
20210302,1,20210301
20210303,1,20210302
20210304,1,20210303
20210305,1,20210304
20210306,0,20210305
20210307,0,20210305
20210308,1,20210305
20210309,1,20210308
20210310,1,20210309
20210311,1,20210310
20210312,1,20210311
20210313,0,20210312
20210314,0,20210312
20210315,1,20210312
20210316,1,20210315
20210317,1,20210316
20210318,1,20210317
20210319,1,20210318
20210320,0,20210319
20210321,0,20210319
20210322,1,20210319
20210323,1,20210322
20210324,1,20210323
20210325,1,20210324
20210326,1,20210325
20210327,0,20210326
20210328,0,20210326
20210329,1,20210326
20210330,1,20210329
20210331,1,20210330
20210401,1,20210331
20210402,1,20210401
20210403,0,20210402
20210404,0,20210402
20210405,0,20210402
20210406,1,20210402
20210407,1,20210406
20210408,1,20210407
20210409,1,20210408
20210410,0,20210409
20210411,0,20210409
20210412,1,20210409
20210413,1,20210412
20210414,1,20210413
20210415,1,20210414
20210416,1,20210415
20210417,0,20210416
20210418,0,20210416
20210419,1,20210416
20210420,1,20210419
20210421,1,20210420
20210422,1,20210421
20210423,1,20210422
20210424,0,20210423
20210425,0,20210423
20210426,1,20210423
20210427,1,20210426
20210428,1,20210427
20210429,1,20210428
20210430,1,20210429
20210501,0,20210430
20210502,0,20210430
20210503,0,20210430
20210504,0,20210430
20210505,0,20210430
20210506,1,20210430
20210507,1,20210506
20210508,0,20210507
20210509,0,20210507
20210510,1,20210507
20210511,1,20210510
20210512,1,20210511
20210513,1,20210512
20210514,1,20210513
20210515,0,20210514
20210516,0,20210514
20210517,1,20210514
20210518,1,20210517
20210519,1,20210518
20210520,1,20210519
20210521,1,20210520
20210522,0,20210521
20210523,0,20210521
20210524,1,20210521
20210525,1,20210524
20210526,1,20210525
20210527,1,20210526
20210528,1,20210527
20210529,0,20210528
20210530,0,20210528
20210531,1,20210528
20210601,1,20210531
20210602,1,20210601
20210603,1,20210602
20210604,1,20210603
20210605,0,20210604
20210606,0,20210604
20210607,1,20210604
20210608,1,20210607
20210609,1,20210608
20210610,1,20210609
20210611,1,20210610
20210612,0,20210611
20210613,0,20210611
20210614,0,20210611
20210615,1,20210611
20210616,1,20210615
20210617,1,20210616
20210618,1,20210617
20210619,0,20210618
20210620,0,20210618
20210621,1,20210618
20210622,1,20210621
20210623,1,20210622
20210624,1,20210623
20210625,1,20210624
20210626,0,20210625
20210627,0,20210625
20210628,1,20210625
20210629,1,20210628
20210630,1,20210629
20210701,1,20210630
20210702,1,20210701
20210703,0,20210702
20210704,0,20210702
20210705,1,20210702
20210706,1,20210705
20210707,1,20210706
20210708,1,20210707
20210709,1,20210708
20210710,0,20210709
20210711,0,20210709
20210712,1,20210709
20210713,1,20210712
20210714,1,20210713
20210715,1,20210714
20210716,1,20210715
20210717,0,20210716
20210718,0,20210716
20210719,1,20210716
20210720,1,20210719
20210721,1,20210720
20210722,1,20210721
20210723,1,20210722
20210724,0,20210723
20210725,0,20210723
20210726,1,20210723
20210727,1,20210726
20210728,1,20210727
20210729,1,20210728
20210730,1,20210729
20210731,0,20210730
20210801,0,20210730
20210802,1,20210730
20210803,1,20210802
20210804,1,20210803
20210805,1,20210804
20210806,1,20210805
20210807,0,20210806
20210808,0,20210806
20210809,1,20210806
20210810,1,20210809
20210811,1,20210810
20210812,1,20210811
20210813,1,20210812
20210814,0,20210813
20210815,0,20210813
20210816,1,20210813
20210817,1,20210816
20210818,1,20210817
20210819,1,20210818
20210820,1,20210819
20210821,0,20210820
20210822,0,20210820
20210823,1,20210820
20210824,1,20210823
20210825,1,20210824
20210826,1,20210825
20210827,1,20210826
20210828,0,20210827
20210829,0,20210827
20210830,1,20210827
20210831,1,20210830
20210901,1,20210831
20210902,1,20210901
20210903,1,20210902
20210904,0,20210903
20210905,0,20210903
20210906,1,20210903
20210907,1,20210906
20210908,1,20210907
20210909,1,20210908
20210910,1,20210909
20210911,0,20210910
20210912,0,20210910
20210913,1,20210910
20210914,1,20210913
20210915,1,20210914
20210916,1,20210915
20210917,1,20210916
20210918,0,20210917
20210919,0,20210917
20210920,0,20210917
20210921,0,20210917
20210922,1,20210917
20210923,1,20210922
20210924,1,20210923
20210925,0,20210924
20210926,0,20210924
20210927,1,20210924
20210928,1,20210927
20210929,1,20210928
20210930,1,20210929
20211001,0,20210930
20211002,0,20210930
20211003,0,20210930
20211004,0,20210930
20211005,0,20210930
20211006,0,20210930
20211007,0,20210930
20211008,1,20210930
20211009,0,20211008
20211010,0,20211008
20211011,1,20211008
20211012,1,20211011
20211013,1,20211012
20211014,1,20211013
20211015,1,20211014
20211016,0,20211015
20211017,0,20211015
20211018,1,20211015
20211019,1,20211018
20211020,1,20211019
20211021,1,20211020
20211022,1,20211021
20211023,0,20211022
20211024,0,20211022
20211025,1,20211022
20211026,1,20211025
20211027,1,20211026
20211028,1,20211027
20211029,1,20211028
20211030,0,20211029
20211031,0,20211029
20211101,1,20211029
20211102,1,20211101
20211103,1,20211102
20211104,1,20211103
20211105,1,20211104
20211106,0,20211105
20211107,0,20211105
20211108,1,20211105
20211109,1,20211108
20211110,1,20211109
20211111,1,20211110
20211112,1,20211111
20211113,0,20211112
20211114,0,20211112
20211115,1,20211112
20211116,1,20211115
20211117,1,20211116
20211118,1,20211117
20211119,1,20211118
20211120,0,20211119
20211121,0,20211119
20211122,1,20211119
20211123,1,20211122
20211124,1,20211123
20211125,1,20211124
20211126,1,20211125
20211127,0,20211126
20211128,0,20211126
20211129,1,20211126
20211130,1,20211129
20211201,1,20211130
20211202,1,20211201
20211203,1,20211202
20211204,0,20211203
20211205,0,20211203
20211206,1,20211203
20211207,1,20211206
20211208,1,20211207
20211209,1,20211208
20211210,1,20211209
20211211,0,20211210
20211212,0,20211210
20211213,1,20211210
20211214,1,20211213
20211215,1,20211214
20211216,1,20211215
20211217,1,20211216
20211218,0,20211217
20211219,0,20211217
20211220,1,20211217
20211221,1,20211220
20211222,1,20211221
20211223,1,20211222
20211224,1,20211223
20211225,0,20211224
20211226,0,20211224
20211227,1,20211224
20211228,1,20211227
20211229,1,20211228
20211230,1,20211229
20211231,1,20211230
